Metric,Train,Test
Accuracy,0.7895716945996276,0.7316017316017316
Precision,0.7854565245628586,0.7273986700738294
Recall,0.7895716945996276,0.7316017316017316
F1 Score,0.7841987998822461,0.7289874627536965





